<?xml version='1.0' encoding='UTF-8'?>
<!DOCTYPE hibernate-configuration PUBLIC
        "-//Hibernate/Hibernate Configuration DTD 3.0//EN"
        "http://hibernate.sourceforge.net/hibernate-configuration-3.0.dtd">

<hibernate-configuration>
    <session-factory>
        <property name="hbm2ddl.auto">create</property>
        <property name="show_sql">true</property>

        <property name="hibernate.dialect">org.hibernate.dialect.PostgreSQL95Dialect</property>
        <property name="hibernate.connection.url">jdbc:postgresql://localhost:5432/postgres</property>
        <property name="hibernate.connection.username">postgres</property>
        <property name="hibernate.connection.password">login</property>
        <property name="hibernate.connection.driver_class">org.postgresql.Driver</property>

        <mapping class="com.business.world.entity.EmployeeEntity" />

        <mapping class="com.business.world.entity.AddressEntity" />

    </session-factory>
</hibernate-configuration>